{
  "BD": {
    "prefix": "BD",
    "count": 19,
    "unique_count": 16,
    "avg_length": 10.7,
    "min_length": 10,
    "max_length": 11,
    "likely_type": "quote",
    "context_confidence": 0.5263157894736842,
    "examples": [
      "BD 4260862",
      "BD#46467496",
      "BD 46577322",
      "BD 45504390",
      "BD 46670178",
      "BD#46257778",
      "BD 46020855",
      "BD#46467460",
      "BD44469796",
      "BD 46733126"
    ]
  },
  "BID": {
    "prefix": "BID",
    "count": 8,
    "unique_count": 4,
    "avg_length": 9.0,
    "min_length": 9,
    "max_length": 9,
    "likely_type": "bid",
    "context_confidence": 1.0,
    "examples": [
      "BID012325",
      "BID040225",
      "BID040325",
      "BID051625"
    ]
  },
  "BO": {
    "prefix": "BO",
    "count": 57,
    "unique_count": 52,
    "avg_length": 12.0,
    "min_length": 11,
    "max_length": 12,
    "likely_type": "order",
    "context_confidence": 0.3508771929824561,
    "examples": [
      "BO 159351641",
      "BO#159451044",
      "BO 153243708",
      "BO#159421960",
      "BO#162616086",
      "BO#160262270",
      "BO#160572522",
      "BO#161393577",
      "BO#157897638",
      "BO#161645130"
    ]
  },
  "BP": {
    "prefix": "BP",
    "count": 3,
    "unique_count": 1,
    "avg_length": 9.0,
    "min_length": 9,
    "max_length": 9,
    "likely_type": "unknown",
    "context_confidence": 0.0,
    "examples": [
      "BP 014576"
    ]
  },
  "CAS": {
    "prefix": "CAS",
    "count": 1187,
    "unique_count": 506,
    "avg_length": 10.0,
    "min_length": 10,
    "max_length": 10,
    "likely_type": "deal",
    "context_confidence": 0.3117101937657961,
    "examples": [
      "CAS-107073",
      "CAS-082190",
      "CAS-090889",
      "CAS-075603",
      "CAS-113340",
      "CAS-078820",
      "CAS-113872",
      "CAS-112460",
      "CAS-077668",
      "CAS-097234"
    ]
  },
  "CASE": {
    "prefix": "CASE",
    "count": 3,
    "unique_count": 2,
    "avg_length": 12.0,
    "min_length": 12,
    "max_length": 12,
    "likely_type": "ticket",
    "context_confidence": 1.0,
    "examples": [
      "CASE#3486228",
      "CASE#3477959"
    ]
  },
  "CPQ": {
    "prefix": "CPQ",
    "count": 22,
    "unique_count": 22,
    "avg_length": 11.0,
    "min_length": 10,
    "max_length": 11,
    "likely_type": "quote",
    "context_confidence": 0.7727272727272727,
    "examples": [
      "CPQ-2360749",
      "CPQ-3030284",
      "CPQ-2889440",
      "CPQ-2778110",
      "CPQ-2705656",
      "CPQ-2480302",
      "CPQ-2527237",
      "CPQ1084490",
      "CPQ-1340849",
      "CPQ-2459919"
    ]
  },
  "D": {
    "prefix": "D",
    "count": 8,
    "unique_count": 7,
    "avg_length": 12.1,
    "min_length": 7,
    "max_length": 14,
    "likely_type": "order",
    "context_confidence": 0.375,
    "examples": [
      "D-000000742223",
      "D-000000747697",
      "D-000000757784",
      "D-000000747595",
      "D128124",
      "D1449549",
      "D-000000739015"
    ]
  },
  "DA": {
    "prefix": "DA",
    "count": 9,
    "unique_count": 6,
    "avg_length": 13.0,
    "min_length": 13,
    "max_length": 13,
    "likely_type": "quote",
    "context_confidence": 0.8888888888888888,
    "examples": [
      "DA-6136997977",
      "DA-5110715558",
      "DA-5510177154",
      "DA-6096827894",
      "DA-6242700003",
      "DA-6047954348"
    ]
  },
  "DR": {
    "prefix": "DR",
    "count": 79,
    "unique_count": 51,
    "avg_length": 8.8,
    "min_length": 8,
    "max_length": 12,
    "likely_type": "quote",
    "context_confidence": 0.24050632911392406,
    "examples": [
      "DR9140302",
      "DR9139454",
      "DR-051513",
      "DR0295235",
      "DR1334508",
      "DR9139685",
      "DR979320",
      "DR9140407",
      "DR9139852",
      "DR1157260"
    ]
  },
  "E": {
    "prefix": "E",
    "count": 4,
    "unique_count": 4,
    "avg_length": 9.0,
    "min_length": 9,
    "max_length": 9,
    "likely_type": "order",
    "context_confidence": 0.25,
    "examples": [
      "E64270112",
      "E63550112",
      "E64250112",
      "E13339112"
    ]
  },
  "ECPQ": {
    "prefix": "ECPQ",
    "count": 4,
    "unique_count": 4,
    "avg_length": 12.0,
    "min_length": 12,
    "max_length": 12,
    "likely_type": "quote",
    "context_confidence": 1.0,
    "examples": [
      "ECPQ-2892525",
      "ECPQ-2920014",
      "ECPQ-2848014",
      "ECPQ-2874417"
    ]
  },
  "F": {
    "prefix": "F",
    "count": 3,
    "unique_count": 3,
    "avg_length": 8.0,
    "min_length": 8,
    "max_length": 8,
    "likely_type": "unknown",
    "context_confidence": 0.0,
    "examples": [
      "F1623790",
      "F1287660",
      "F8991570"
    ]
  },
  "FS": {
    "prefix": "FS",
    "count": 6,
    "unique_count": 3,
    "avg_length": 9.0,
    "min_length": 9,
    "max_length": 9,
    "likely_type": "quote",
    "context_confidence": 1.0,
    "examples": [
      "FS4938111",
      "FS4928947",
      "FS4993979"
    ]
  },
  "FTQ": {
    "prefix": "FTQ",
    "count": 694,
    "unique_count": 338,
    "avg_length": 11.0,
    "min_length": 10,
    "max_length": 11,
    "likely_type": "quote",
    "context_confidence": 0.930835734870317,
    "examples": [
      "FTQ-3661265",
      "FTQ-3630472",
      "FTQ-3619694",
      "FTQ-3826143",
      "FTQ-3716195",
      "FTQ-4029991",
      "FTQ-3733882",
      "FTQ-3660387",
      "FTQ-3849772",
      "FTQ-3778325"
    ]
  },
  "H": {
    "prefix": "H",
    "count": 127,
    "unique_count": 89,
    "avg_length": 7.1,
    "min_length": 7,
    "max_length": 10,
    "likely_type": "deal",
    "context_confidence": 0.5511811023622047,
    "examples": [
      "H490123",
      "H487067",
      "H488157",
      "H493785",
      "H483420",
      "H494183",
      "H475776",
      "H486759",
      "H487992",
      "H499906"
    ]
  },
  "ID": {
    "prefix": "ID",
    "count": 18,
    "unique_count": 16,
    "avg_length": 10.9,
    "min_length": 9,
    "max_length": 12,
    "likely_type": "order",
    "context_confidence": 0.5555555555555556,
    "examples": [
      "ID 79276239",
      "ID 364622",
      "ID 149948316",
      "ID 148079745",
      "ID 53230024",
      "ID 360029",
      "ID 28474620",
      "ID 5818762",
      "ID 148279746",
      "ID 148078815"
    ]
  },
  "IN": {
    "prefix": "IN",
    "count": 4,
    "unique_count": 4,
    "avg_length": 9.8,
    "min_length": 9,
    "max_length": 10,
    "likely_type": "order",
    "context_confidence": 0.25,
    "examples": [
      "IN00795220",
      "IN00830164",
      "IN1101510",
      "IN00790778"
    ]
  },
  "MSO": {
    "prefix": "MSO",
    "count": 16,
    "unique_count": 13,
    "avg_length": 13.0,
    "min_length": 13,
    "max_length": 13,
    "likely_type": "order",
    "context_confidence": 0.25,
    "examples": [
      "MSO#156578632",
      "MSO#161329169",
      "MSO 162397185",
      "MSO#161782635",
      "MSO#160475785",
      "MSO#160916123",
      "MSO#162022952",
      "MSO#162242395",
      "MSO 162192891",
      "MSO 162060700"
    ]
  },
  "NUMERIC_PO": {
    "prefix": "NUMERIC_PO",
    "count": 2032,
    "unique_count": 1545,
    "avg_length": 8.9,
    "min_length": 8,
    "max_length": 10,
    "likely_type": "unknown",
    "context_confidence": 0.0,
    "examples": [
      "159784022",
      "158014750",
      "505679327",
      "0000002640",
      "505595797",
      "155147681",
      "0068970027",
      "161912154",
      "0070876531",
      "0505656333"
    ]
  },
  "NUMERIC_QUOTE": {
    "prefix": "NUMERIC_QUOTE",
    "count": 752,
    "unique_count": 684,
    "avg_length": 8.9,
    "min_length": 8,
    "max_length": 10,
    "likely_type": "unknown",
    "context_confidence": 0.0,
    "examples": [
      "149778178",
      "0228135704",
      "45623292",
      "146846124",
      "148835571",
      "45636037",
      "149994347",
      "148594391",
      "149372871",
      "146006241"
    ]
  },
  "NUMERIC_SO": {
    "prefix": "NUMERIC_SO",
    "count": 98,