{
  "training": {
    "total_examples": 2974,
    "avg_input_length": 582.5285810356422,
    "avg_output_length": 3259.8937457969064,
    "total_emails": 6400
  },
  "validation": {
    "total_examples": 744,
    "avg_input_length": 581.3521505376344,
    "avg_output_length": 3257.9690860215055,
    "total_emails": 966
  }
}